portion,replicate,portions,sequence,oPools_2_sequence,oPools_3_sequence
10%,#1,"[4, 2, 0, 0, 0, 0, 0, 0, 0, 0, 0, 0]",CAAAAGACTCCTGGGCTCACCTGTTAGCGCTGGCCCAGCCCAGGCCTTGGGACCTGGGGGTTGGTGATTTGGGGGACAGTGCTACACTCGTCTCCACTGTTTGTTTTACTTCCCCAAAATGGACCTTTTTTTTTTCTAAAGAGTCCCAGAGAATGGGGAATTGTTCCTGTAAATATATATTTTTCAAAGTGATCCACGAGGCGACTCGCACTTTTTCTCGGATATTGTCAGGACTAGCTGAGCGTGGCACGCATGACTGTGTGTGGAGGGTGTGAGGCAGAGGTCGATTGTGAGAGAAACGGTGTGATGGCGTGTGTGAGAAACAATAGTAGGGACTGCATATCGGTAACCATGTGTGTGTCAGAGACGTGGAAAGCTGTGATTGTGTGTGAGAGTGTGCAGAAGTTGTGACCACAGACTTTTGATGGTGTGTCTATGTGGGAAATTGTGGCTGTGTTTCAGAAAATAACTGAGCCTGGATGAATAGTCAAGGTACTGTACAAGAACCTGTGATGGTATGCACAAAATAATGTCTACGAGAAGGGAACGGGGACTGCAGCCCT,TCCTGTAAATATATATTTTTCAAAGTGATCCACGAGGCGACTCGCACTTTTTCTCGGATATTGTCAGGACTAGCTGAGCGTGGCACGCATGACTGTGTGTGGAGGGTGTGAGGCAGAGGTCGATTGTGAGAGAAACGGTGTGATGGCGTGTGTGAGAAACAATAGTAGGGACTGCATATCGGTA,AAACAATAGTAGGGACTGCATATCGGTAACCATGTGTGTGTCAGAGACGTGGAAAGCTGTGATTGTGTGTGAGAGTGTGCAGAAGTTGTGACCACAGACTTTTGATGGTGTGTCTATGTGGGAAATTGTGGCTGTGTTTCAGAAAATAACTGAGCCTGGATGAATAGTCAAGGTACTGTACAAGAACCTGTGATGGTATGCACAAAATAATGTCTACGAGAAGGGAACGGGGACTGCAGCCCT
10%,#2,"[1, 2, 1, 1, 0, 0, 0, 0, 0, 0, 1, 0]",CAAAAGACTCCTGGGCTCACCTGTTAGCGCTGGCCCAGCCCAGGCCTTGGGACCTGGGGGTTGGTGATTTGGGGGACAGTGCTACACTCGTCTCCACTGTTTGTTTTACTTCCCCAAAATGGACCTTTTTTTTTTCTAAAGAGTCCCAGAGAATGGGGAATTGTTCCTGTAAATATATATTTTTCAAAGTGATGCTGGAGGCGACTGGCACTTTTTCTCACATGTCATCAGGACTAGCTGAGCGCAGCACGCATGACTGTGTGCAGAGGGTGTGAGGCAGAGGTCGATTGTGAGAGAAACGGTGTGATGGCGTGTGTGAGAAACAATAGTAGGGACTGCATATCGGTAACCATGTGTGTGTCAGAGACGTGGAAAGCTGTGATTGTGTGTGAGAGTGTGCAGAAGTTGTGACCACAGACTTTTGATGGTGTGTCTATGTGGGAAATTGTGGCTGTGTTTCAGAAAATAACTGAGCCGAGATGAATAGTCAAGGTACTGTACAAGAACCTGTGATGGTATGCACAAAATAATGTCTACGAGAAGGGAACGGGGACTGCAGCCCT,TCCTGTAAATATATATTTTTCAAAGTGATGCTGGAGGCGACTGGCACTTTTTCTCACATGTCATCAGGACTAGCTGAGCGCAGCACGCATGACTGTGTGCAGAGGGTGTGAGGCAGAGGTCGATTGTGAGAGAAACGGTGTGATGGCGTGTGTGAGAAACAATAGTAGGGACTGCATATCGGTA,AAACAATAGTAGGGACTGCATATCGGTAACCATGTGTGTGTCAGAGACGTGGAAAGCTGTGATTGTGTGTGAGAGTGTGCAGAAGTTGTGACCACAGACTTTTGATGGTGTGTCTATGTGGGAAATTGTGGCTGTGTTTCAGAAAATAACTGAGCCGAGATGAATAGTCAAGGTACTGTACAAGAACCTGTGATGGTATGCACAAAATAATGTCTACGAGAAGGGAACGGGGACTGCAGCCCT
10%,#3,"[1, 0, 2, 0, 0, 2, 0, 1, 0, 0, 0, 0]",CAAAAGACTCCTGGGCTCACCTGTTAGCGCTGGCCCAGCCCAGGCCTTGGGACCTGGGGGTTGGTGATTTGGGGGACAGTGCTACACTCGTCTCCACTGTTTGTTTTACTTCCCCAAAATGGACCTTTTTTTTTTCTAAAGAGTCCCAGAGAATGGGGAATTGTTCCTGTAAATATATATTTTTCAAAGTGAGTCTGGAGGCTGCTGGCACTTTTTCTCTGATGTTGTCAGGACTAGCAAAGCGGGGCACGCATGACTGTGTGTGGAGGGTGTGAGGCAGAGGTCGATTGTGAGAGAAACGGCATGATGGCGAGTGTGAGAAACAATAGTAGGGACTGCATATCGGTAACCATGTGTGTGTCAGAGACGTGGAAAGCTGTGATTGCATGTGAGAGTGTGCAGAAGTTGTGACCACAGACTTTTGATGGTGTGTCTATGTGGGAAATTGTGGCTGTGTTTCAGAAAATAACTGAGCCTGGATGAATAGTCAAGGTACTGTACAAGAACCTGTGATGGTATGCACAAAATAATGTCTACGAGAAGGGAACGGGGACTGCAGCCCT,TCCTGTAAATATATATTTTTCAAAGTGAGTCTGGAGGCTGCTGGCACTTTTTCTCTGATGTTGTCAGGACTAGCAAAGCGGGGCACGCATGACTGTGTGTGGAGGGTGTGAGGCAGAGGTCGATTGTGAGAGAAACGGCATGATGGCGAGTGTGAGAAACAATAGTAGGGACTGCATATCGGTA,AAACAATAGTAGGGACTGCATATCGGTAACCATGTGTGTGTCAGAGACGTGGAAAGCTGTGATTGCATGTGAGAGTGTGCAGAAGTTGTGACCACAGACTTTTGATGGTGTGTCTATGTGGGAAATTGTGGCTGTGTTTCAGAAAATAACTGAGCCTGGATGAATAGTCAAGGTACTGTACAAGAACCTGTGATGGTATGCACAAAATAATGTCTACGAGAAGGGAACGGGGACTGCAGCCCT
25%,#1,"[4, 3, 2, 5, 0, 0, 0, 0, 0, 0, 0, 0]",CAAAAGACTCCTGGGCTCACCTGTTAGCGCTGGCCCAGCCCAGGCCTTGGGACCTGGGGGTTGGTGATTTGGGGGACAGTGCTACACTCGTCTCCACTGTTTGTTTTACTTCCCCAAAATGGACCTTTTTTTTTTCTAAAGAGTCCCAGAGAATGGGGAATTGTTCCTGTAAATATATATTTTTCAAAGTGAGTCTCGAGGCCCCAAGCACTTTTTCTCAGATATCGTCAGGACTAGCAGAGCGACGCACGCATGACCCCGATTGGAGGGAGAAAGGCAGAGGTCGATTGTGAGAGAAACGGTGTGATGGCGTGTGTGAGAAACAATAGTAGGGACTGCATATCGGTAACCATGTGTGTGTCAGAGACGTGGAAAGCTGTGATTGTGTGTGAGAGTGTGCAGAAGTTGTGACCACAGACTTTTGATGGTGTGTCTATGTGGGAAATTGTGGCTGTGTTTCAGAAAATAACTGAGCCTGGATGAATAGTCAAGGTACTGTACAAGAACCTGTGATGGTATGCACAAAATAATGTCTACGAGAAGGGAACGGGGACTGCAGCCCT,TCCTGTAAATATATATTTTTCAAAGTGAGTCTCGAGGCCCCAAGCACTTTTTCTCAGATATCGTCAGGACTAGCAGAGCGACGCACGCATGACCCCGATTGGAGGGAGAAAGGCAGAGGTCGATTGTGAGAGAAACGGTGTGATGGCGTGTGTGAGAAACAATAGTAGGGACTGCATATCGGTA,AAACAATAGTAGGGACTGCATATCGGTAACCATGTGTGTGTCAGAGACGTGGAAAGCTGTGATTGTGTGTGAGAGTGTGCAGAAGTTGTGACCACAGACTTTTGATGGTGTGTCTATGTGGGAAATTGTGGCTGTGTTTCAGAAAATAACTGAGCCTGGATGAATAGTCAAGGTACTGTACAAGAACCTGTGATGGTATGCACAAAATAATGTCTACGAGAAGGGAACGGGGACTGCAGCCCT
25%,#2,"[1, 1, 1, 0, 1, 2, 1, 3, 2, 0, 0, 2]",CAAAAGACTCCTGGGCTCACCTGTTAGCGCTGGCCCAGCCCAGGCCTTGGGACCTGGGGGTTGGTGATTTGGGGGACAGTGCTACACTCGTCTCCACTGTTTGTTTTACTTCCCCAAAATGGACCTTTTTTTTTTCTAAAGAGTCCCAGAGAATGGGGAATTGTTCCTGTAAATATATATTTTTCAAAGTGATGCTGGAGGCTCCTGGCACTTTTTCTCTGAACTTGTCAGGACTAGCTGAGCGCAGCACGCATGACTGTGTGTGGAGGGTGTGAGGCAGAGGTCGATTGTCAGAGAAACGGTATGATGGCGTGGGTGAGAAACAATAGTAGGGACTGCATATCGGTAACCAGTTGTGTGTCAGAGACGTGGAAAGCTGTGATTGTGCAGTAGAGTGCTCAGAAGTTGTGACCACAGACTTTTGACGGTGAATCTATGTGGGAAATTGTGGCTGTGTTTCAGAAAATAACTGAGCCTGGATGAATAGTCAAGGTACTGTACAAGAACCTGTTACCGTATGCACAAAATAATGTCTACGAGAAGGGAACGGGGACTGCAGCCCT,TCCTGTAAATATATATTTTTCAAAGTGATGCTGGAGGCTCCTGGCACTTTTTCTCTGAACTTGTCAGGACTAGCTGAGCGCAGCACGCATGACTGTGTGTGGAGGGTGTGAGGCAGAGGTCGATTGTCAGAGAAACGGTATGATGGCGTGGGTGAGAAACAATAGTAGGGACTGCATATCGGTA,AAACAATAGTAGGGACTGCATATCGGTAACCAGTTGTGTGTCAGAGACGTGGAAAGCTGTGATTGTGCAGTAGAGTGCTCAGAAGTTGTGACCACAGACTTTTGACGGTGAATCTATGTGGGAAATTGTGGCTGTGTTTCAGAAAATAACTGAGCCTGGATGAATAGTCAAGGTACTGTACAAGAACCTGTTACCGTATGCACAAAATAATGTCTACGAGAAGGGAACGGGGACTGCAGCCCT
25%,#3,"[0, 2, 0, 3, 1, 2, 0, 1, 1, 1, 1, 2]",CAAAAGACTCCTGGGCTCACCTGTTAGCGCTGGCCCAGCCCAGGCCTTGGGACCTGGGGGTTGGTGATTTGGGGGACAGTGCTACACTCGTCTCCACTGTTTGTTTTACTTCCCCAAAATGGACCTTTTTTTTTTCTAAAGAGTCCCAGAGAATGGGGAATTGTTCCTGTAAATATATATTTTTCAAAGTGATGCTGGAGGCTGCTGGCACTTTTTCTCTCATGTACTCAGGACTAGCTGAGCGTGGCACGCATGACCTTGGATGGAGGGTGACAGGCAGAGGTCGATTGGAAGAGAAACGGAATGATGGCGTGTGCCAGAAACAATAGTAGGGACTGCATATCGGTAACCATGTGTGTGTCAGAGACGTGGAAAGCGATGATTGTGTGTGAGAGTGTGCAGAAGTTGTGACCACAGACTTTTGATGGTGTGTCTAGATGGGAAATTGTCGCTGTGTTTCAGAAAATAACTGAGCCGAGATGAATAGTCAAGGTACTGTACAAGAACCTATGAGGGTATGCACAAAATAATGTCTACGAGAAGGGAACGGGGACTGCAGCCCT,TCCTGTAAATATATATTTTTCAAAGTGATGCTGGAGGCTGCTGGCACTTTTTCTCTCATGTACTCAGGACTAGCTGAGCGTGGCACGCATGACCTTGGATGGAGGGTGACAGGCAGAGGTCGATTGGAAGAGAAACGGAATGATGGCGTGTGCCAGAAACAATAGTAGGGACTGCATATCGGTA,AAACAATAGTAGGGACTGCATATCGGTAACCATGTGTGTGTCAGAGACGTGGAAAGCGATGATTGTGTGTGAGAGTGTGCAGAAGTTGTGACCACAGACTTTTGATGGTGTGTCTAGATGGGAAATTGTCGCTGTGTTTCAGAAAATAACTGAGCCGAGATGAATAGTCAAGGTACTGTACAAGAACCTATGAGGGTATGCACAAAATAATGTCTACGAGAAGGGAACGGGGACTGCAGCCCT
50%,#1,"[4, 3, 2, 7, 2, 6, 4, 0, 0, 0, 0, 0]",CAAAAGACTCCTGGGCTCACCTGTTAGCGCTGGCCCAGCCCAGGCCTTGGGACCTGGGGGTTGGTGATTTGGGGGACAGTGCTACACTCGTCTCCACTGTTTGTTTTACTTCCCCAAAATGGACCTTTTTTTTTTCTAAAGAGTCCCAGAGAATGGGGAATTGTTCCTGTAAATATATATTTTTCAAAGTGAGTCACGAGGCAACCCGCACTTTTTCTCGAACATAGTCAGGACTAGCAGAGCGACGCACGCATCACATTCGGCAGAGGGCTACAGGCAGAGGTCGATCAACAGAGAAACGGTAAAAACGCGGGCCACAGAAACAATAGTAGGGACTGCATATCGGTAACCACTAAGACCTCAGAGACGTGGAAAGCTGTGATTGTGTGTGAGAGTGTGCAGAAGTTGTGACCACAGACTTTTGATGGTGTGTCTATGTGGGAAATTGTGGCTGTGTTTCAGAAAATAACTGAGCCTGGATGAATAGTCAAGGTACTGTACAAGAACCTGTGATGGTATGCACAAAATAATGTCTACGAGAAGGGAACGGGGACTGCAGCCCT,TCCTGTAAATATATATTTTTCAAAGTGAGTCACGAGGCAACCCGCACTTTTTCTCGAACATAGTCAGGACTAGCAGAGCGACGCACGCATCACATTCGGCAGAGGGCTACAGGCAGAGGTCGATCAACAGAGAAACGGTAAAAACGCGGGCCACAGAAACAATAGTAGGGACTGCATATCGGTA,AAACAATAGTAGGGACTGCATATCGGTAACCACTAAGACCTCAGAGACGTGGAAAGCTGTGATTGTGTGTGAGAGTGTGCAGAAGTTGTGACCACAGACTTTTGATGGTGTGTCTATGTGGGAAATTGTGGCTGTGTTTCAGAAAATAACTGAGCCTGGATGAATAGTCAAGGTACTGTACAAGAACCTGTGATGGTATGCACAAAATAATGTCTACGAGAAGGGAACGGGGACTGCAGCCCT
50%,#2,"[0, 1, 1, 4, 2, 4, 2, 0, 5, 4, 1, 4]",CAAAAGACTCCTGGGCTCACCTGTTAGCGCTGGCCCAGCCCAGGCCTTGGGACCTGGGGGTTGGTGATTTGGGGGACAGTGCTACACTCGTCTCCACTGTTTGTTTTACTTCCCCAAAATGGACCTTTTTTTTTTCTAAAGAGTCCCAGAGAATGGGGAATTGTTCCTGTAAATATATATTTTTCAAAGTGATGCTGGAGGCTGCTGGCACTTTTTCTCTGATGTAGTCAGGACTAGCTGAGCGAGGCACGCACTACTGTGCACGGAGGGAATGAGGCAGAGGTCGATCTCAAGAGAAACGGTGAGATGGCGGTTTCGAGAAACAATAGTAGGGACTGCATATCGGTAACCAAGTGTGAGTCAGAGACGTGGAAAGCTGTGATTGTGTGTGAGAGTGTGCAGAAGTTGTGACCACAGACTTTTCAACGGTTGTCTACCTAGGAAATACGGGCTCATTTTCAGAAAATAACTGAGCCTCGATGAATAGTCAAGGTACTGTACAAGAACCCCCCATAGTATTCACAAAATAATGTCTACGAGAAGGGAACGGGGACTGCAGCCCT,TCCTGTAAATATATATTTTTCAAAGTGATGCTGGAGGCTGCTGGCACTTTTTCTCTGATGTAGTCAGGACTAGCTGAGCGAGGCACGCACTACTGTGCACGGAGGGAATGAGGCAGAGGTCGATCTCAAGAGAAACGGTGAGATGGCGGTTTCGAGAAACAATAGTAGGGACTGCATATCGGTA,AAACAATAGTAGGGACTGCATATCGGTAACCAAGTGTGAGTCAGAGACGTGGAAAGCTGTGATTGTGTGTGAGAGTGTGCAGAAGTTGTGACCACAGACTTTTCAACGGTTGTCTACCTAGGAAATACGGGCTCATTTTCAGAAAATAACTGAGCCTCGATGAATAGTCAAGGTACTGTACAAGAACCCCCCATAGTATTCACAAAATAATGTCTACGAGAAGGGAACGGGGACTGCAGCCCT
50%,#3,"[3, 0, 0, 5, 1, 6, 4, 0, 3, 0, 2, 4]",CAAAAGACTCCTGGGCTCACCTGTTAGCGCTGGCCCAGCCCAGGCCTTGGGACCTGGGGGTTGGTGATTTGGGGGACAGTGCTACACTCGTCTCCACTGTTTGTTTTACTTCCCCAAAATGGACCTTTTTTTTTTCTAAAGAGTCCCAGAGAATGGGGAATTGTTCCTGTAAATATATATTTTTCAAAGTGATGCCGGAGGCAGCTAGCACTTTTTCTCTGATGTTGTCAGGACTAGCTGAGCGTGGCACGCATGACCAGTTTACGAGGGCGTGAGGCAGAGGTCGATAGTGAGAGAAACGGCTAAAGAGCGCCTCGTAGAAACAATAGTAGGGACTGCATATCGGTAACCATCGCGTAATCAGAGACGTGGAAAGCTGTGATTGTGTGTGAGAGTGTGCAGAAGTTGTGACCACAGACTTTCTAAGGTGAGTCTATGTGGGAAATTGTGGCTGTGTTTCAGAAAATAACTGAGCCTCGACTAATAGTCAAGGTACTGTACAAGAACCTCCAAGCGTATACACAAAATAATGTCTACGAGAAGGGAACGGGGACTGCAGCCCT,TCCTGTAAATATATATTTTTCAAAGTGATGCCGGAGGCAGCTAGCACTTTTTCTCTGATGTTGTCAGGACTAGCTGAGCGTGGCACGCATGACCAGTTTACGAGGGCGTGAGGCAGAGGTCGATAGTGAGAGAAACGGCTAAAGAGCGCCTCGTAGAAACAATAGTAGGGACTGCATATCGGTA,AAACAATAGTAGGGACTGCATATCGGTAACCATCGCGTAATCAGAGACGTGGAAAGCTGTGATTGTGTGTGAGAGTGTGCAGAAGTTGTGACCACAGACTTTCTAAGGTGAGTCTATGTGGGAAATTGTGGCTGTGTTTCAGAAAATAACTGAGCCTCGACTAATAGTCAAGGTACTGTACAAGAACCTCCAAGCGTATACACAAAATAATGTCTACGAGAAGGGAACGGGGACTGCAGCCCT
100%,#1,"[4, 3, 2, 7, 2, 6, 4, 10, 6, 4, 3, 4]",CAAAAGACTCCTGGGCTCACCTGTTAGCGCTGGCCCAGCCCAGGCCTTGGGACCTGGGGGTTGGTGATTTGGGGGACAGTGCTACACTCGTCTCCACTGTTTGTTTTACTTCCCCAAAATGGACCTTTTTTTTTTCTAAAGAGTCCCAGAGAATGGGGAATTGTTCCTGTAAATATATATTTTTCAAAGTGAAGCAGGAGGCACCAGGCACTTTTTCTCAGAGGTTTTCAGGACTAGCTTAGCGGCGCACGCATTACCCCCATTCGAGGGGGATAGGCAGAGGTCGATCATCAGAGAAACGGAAGCATCGCGGGTCTAAGAAACAATAGTAGGGACTGCATATCGGTAACCACTACGCATTCAGAGACGTGGAAAGCCGCTATCATCCTCGAGAGATTTCAGAAGTTCCTACCACAGACTTTCAACAGGTTCTCTAGTACGGAAATCTCAGCGAGATTTCAGAAAATAACTAAGCCCCGAAGAATAGTCAAGGTACTGTACAAGAACCCCTTAGGGTAATCACAAAATAATGTCTACGAGAAGGGAACGGGGACTGCAGCCCT,TCCTGTAAATATATATTTTTCAAAGTGAAGCAGGAGGCACCAGGCACTTTTTCTCAGAGGTTTTCAGGACTAGCTTAGCGGCGCACGCATTACCCCCATTCGAGGGGGATAGGCAGAGGTCGATCATCAGAGAAACGGAAGCATCGCGGGTCTAAGAAACAATAGTAGGGACTGCATATCGGTA,AAACAATAGTAGGGACTGCATATCGGTAACCACTACGCATTCAGAGACGTGGAAAGCCGCTATCATCCTCGAGAGATTTCAGAAGTTCCTACCACAGACTTTCAACAGGTTCTCTAGTACGGAAATCTCAGCGAGATTTCAGAAAATAACTAAGCCCCGAAGAATAGTCAAGGTACTGTACAAGAACCCCTTAGGGTAATCACAAAATAATGTCTACGAGAAGGGAACGGGGACTGCAGCCCT
100%,#2,"[4, 3, 2, 7, 2, 6, 4, 10, 6, 4, 3, 4]",CAAAAGACTCCTGGGCTCACCTGTTAGCGCTGGCCCAGCCCAGGCCTTGGGACCTGGGGGTTGGTGATTTGGGGGACAGTGCTACACTCGTCTCCACTGTTTGTTTTACTTCCCCAAAATGGACCTTTTTTTTTTCTAAAGAGTCCCAGAGAATGGGGAATTGTTCCTGTAAATATATATTTTTCAAAGTGAACCGAGAGGCGACACGCACTTTTTCTCCGAATTAGTCAGGACTAGCTAAGCGGGGCACGCACAACGAGCAGGCGAGGGATTAAGGCAGAGGTCGATATCCAGAGAAACGGTTAAACCGCGCCACCTAGAAACAATAGTAGGGACTGCATATCGGTAACCACAGGTTCTTCAGAGACGTGGAAAGCTACGATCACGTACTAGAGAAGCCAGAAGTAGACACCACAGACTTTACAGCGCTACTCTAGAATGGAAATAGAAGCTCCCTTTCAGAAAATAACAAAGCCGGGACTAATAGTCAAGGTACTGTACAAGAACCGATTATCGTAGCCACAAAATAATGTCTACGAGAAGGGAACGGGGACTGCAGCCCT,TCCTGTAAATATATATTTTTCAAAGTGAACCGAGAGGCGACACGCACTTTTTCTCCGAATTAGTCAGGACTAGCTAAGCGGGGCACGCACAACGAGCAGGCGAGGGATTAAGGCAGAGGTCGATATCCAGAGAAACGGTTAAACCGCGCCACCTAGAAACAATAGTAGGGACTGCATATCGGTA,AAACAATAGTAGGGACTGCATATCGGTAACCACAGGTTCTTCAGAGACGTGGAAAGCTACGATCACGTACTAGAGAAGCCAGAAGTAGACACCACAGACTTTACAGCGCTACTCTAGAATGGAAATAGAAGCTCCCTTTCAGAAAATAACAAAGCCGGGACTAATAGTCAAGGTACTGTACAAGAACCGATTATCGTAGCCACAAAATAATGTCTACGAGAAGGGAACGGGGACTGCAGCCCT
100%,#3,"[4, 3, 2, 7, 2, 6, 4, 10, 6, 4, 3, 4]",CAAAAGACTCCTGGGCTCACCTGTTAGCGCTGGCCCAGCCCAGGCCTTGGGACCTGGGGGTTGGTGATTTGGGGGACAGTGCTACACTCGTCTCCACTGTTTGTTTTACTTCCCCAAAATGGACCTTTTTTTTTTCTAAAGAGTCCCAGAGAATGGGGAATTGTTCCTGTAAATATATATTTTTCAAAGTGAAGCTCGAGGCTACGGGCACTTTTTCTCTTAGCTTCTCAGGACTAGCTTAGCGGGGCACGCACGACCCAGGTAAGAGGGATTCAGGCAGAGGTCGATCGAAAGAGAAACGGGATAAGGGCGGAACGAAGAAACAATAGTAGGGACTGCATATCGGTAACCATAGCTCACTCAGAGACGTGGAAAGCACCCATTCCGACTAAGAGGATTCAGAAGTCATCACCACAGACTTTTAAGCGCGAATCTACCATGGAAATACAGGCGAAGTTTCAGAAAATAACCGAGCCTCGATTAATAGTCAAGGTACTGTACAAGAACCGGGAATCGTATACACAAAATAATGTCTACGAGAAGGGAACGGGGACTGCAGCCCT,TCCTGTAAATATATATTTTTCAAAGTGAAGCTCGAGGCTACGGGCACTTTTTCTCTTAGCTTCTCAGGACTAGCTTAGCGGGGCACGCACGACCCAGGTAAGAGGGATTCAGGCAGAGGTCGATCGAAAGAGAAACGGGATAAGGGCGGAACGAAGAAACAATAGTAGGGACTGCATATCGGTA,AAACAATAGTAGGGACTGCATATCGGTAACCATAGCTCACTCAGAGACGTGGAAAGCACCCATTCCGACTAAGAGGATTCAGAAGTCATCACCACAGACTTTTAAGCGCGAATCTACCATGGAAATACAGGCGAAGTTTCAGAAAATAACCGAGCCTCGATTAATAGTCAAGGTACTGTACAAGAACCGGGAATCGTATACACAAAATAATGTCTACGAGAAGGGAACGGGGACTGCAGCCCT
